Jıl,Rayon,JumıssızlıqPáti,AktivXalıq,Bántler,Boljanıw,Naqıylıq,Tuwrı,P_Jaqsı,P_Ortasha,P_Qauipli
2018,Amudarya,8.76620850497158,84.3678627608,76.972,Ortasha,Ortasha,True,0.009,0.98,0.011
2018,Beruniy,8.987436946733313,79.5582473132,72.408,Ortasha,Ortasha,True,0.018,0.928,0.053
2018,Ellikqala,9.142801496141223,66.35907885431813,60.292,Qauipli,Qauipli,True,0.004,0.005,0.991
2018,Kegeyli,10.374274089723597,35.83011425999279,32.113,Qauipli,Qauipli,True,0.004,0.004,0.992
2018,Mójnak,11.835922684697547,11.341353876182964,9.999,Qauipli,Qauipli,True,0.004,0.004,0.992
2018,Nukus qalası,8.629778847352332,140.44729057360001,128.327,Ortasha,Ortasha,True,0.009,0.98,0.011
2018,Nukus tumani,9.547260196464652,21.1447436988,19.126,Qauipli,Qauipli,True,0.004,0.004,0.992
2018,QR jámi,9.527108647675343,779.4600011773363,705.2,Qauipli,Qauipli,True,0.004,0.005,0.992
2018,Qanlikól,11.483113925121424,17.9039285076,15.848,Qauipli,Qauipli,True,0.004,0.004,0.992
2018,Qaraózek,11.701886594593507,18.020770078,15.912,Qauipli,Qauipli,True,0.004,0.004,0.992
2018,Qońırat,10.31497772285787,58.4188961208,52.393,Qauipli,Qauipli,True,0.004,0.005,0.992
2018,Shumanay,12.112127229463237,23.065753398000002,20.272,Qauipli,Qauipli,True,0.004,0.004,0.992
2018,Shımbay,9.651951051372377,48.30873550442395,43.646,Qauipli,Qauipli,True,0.004,0.004,0.992
2018,Taxtakópir,12.02019738053778,18.078012823913312,15.905,Qauipli,Qauipli,True,0.004,0.004,0.992
2018,Tórtk¸l,9.12066846179095,81.48497435730518,74.053,Qauipli,Qauipli,True,0.004,0.005,0.992
2018,Xojayli,9.744028241960565,51.0060432604,46.036,Qauipli,Qauipli,True,0.004,0.004,0.992
2019,Amudarya,8.938693949690059,81.47722744498408,74.19422744498408,Ortasha,Ortasha,True,0.011,0.976,0.013
2019,Beruniy,8.943046909249531,79.82737955468333,72.68837955468334,Ortasha,Ortasha,True,0.011,0.976,0.013
2019,Ellikqala,8.980238875883776,65.98933593976143,60.06333593976144,Ortasha,Ortasha,True,0.011,0.976,0.014
2019,Kegeyli,9.41853313574656,35.68496231375832,32.32396231375832,Qauipli,Qauipli,True,0.004,0.004,0.993
2019,Mójnak,9.510585723719533,10.304307520785668,9.324307520785668,Qauipli,Qauipli,True,0.004,0.005,0.992
2019,Nukus qalası,8.614525156529835,148.50499322418102,135.71199322418101,Ortasha,Ortasha,True,0.01,0.977,0.013
2019,Nukus tumani,9.218318137905746,20.88233418723526,18.957334187235258,Qauipli,Qauipli,True,0.004,0.003,0.993
2019,QR jámi,9.06061520168069,782.1075997072529,711.2438396346776,Qauipli,Qauipli,True,0.004,0.004,0.992
2019,Qanlikól,9.489010156283852,19.306544832674728,17.474544832674727,Qauipli,Qauipli,True,0.004,0.005,0.991
2019,Qaraózek,9.438088651378266,19.4213051784836,17.5883051784836,Qauipli,Qauipli,True,0.004,0.005,0.991
2019,Qońırat,9.512250640949514,55.55993212845421,50.2749321284542,Qauipli,Qauipli,True,0.004,0.004,0.993
2019,Shumanay,9.255049699122,21.620629440702288,19.619629440702287,Qauipli,Qauipli,True,0.004,0.005,0.992
2019,Shımbay,9.105334693493775,50.48688658622061,45.88988658622061,Qauipli,Qauipli,True,0.004,0.003,0.993
2019,Taxiatash,9.13867987437831,31.14235359068871,28.29635359068871,Qauipli,Qauipli,True,0.004,0.004,0.992
2019,Taxtakópir,9.607733077435276,17.34019863554253,15.674198635542531,Qauipli,Qauipli,True,0.004,0.005,0.992
2019,Tórtk¸l,9.021037434458842,77.94003795109823,70.90903795109823,Qauipli,Qauipli,True,0.004,0.004,0.992
2019,Xojayli,9.36473120876862,46.619171177998794,42.253411105423474,Qauipli,Qauipli,True,0.004,0.003,0.993
2020,Amudarya,10.3,88.3,79.2,Qauipli,Qauipli,True,0.004,0.004,0.993
2020,Beruniy,10.3,78.0,69.9,Qauipli,Qauipli,True,0.004,0.004,0.993
2020,Ellikqala,10.4,65.8,58.9,Qauipli,Qauipli,True,0.004,0.004,0.993
2020,Kegeyli,10.9,29.400000000000002,26.200000000000003,Qauipli,Qauipli,True,0.004,0.004,0.993
2020,Mójnak,9.700000000000001,12.600000000000001,11.4,Qauipli,Qauipli,True,0.004,0.004,0.992
2020,Nukus qalası,9.9,141.4,127.4,Qauipli,Qauipli,True,0.004,0.004,0.993
2020,Nukus tumani,10.600000000000001,22.6,20.200000000000003,Qauipli,Qauipli,True,0.004,0.004,0.993
2020,QR jámi,10.455696202531648,790.0,707.4,Qauipli,Qauipli,True,0.004,0.004,0.993
2020,Qanlikól,11.0,20.1,17.900000000000002,Qauipli,Qauipli,True,0.004,0.003,0.993
2020,Qaraózek,10.9,21.400000000000002,19.1,Qauipli,Qauipli,True,0.004,0.003,0.993
2020,Qońırat,11.0,56.50000000000001,50.300000000000004,Qauipli,Qauipli,True,0.004,0.004,0.993
2020,Shumanay,11.0,21.299999999999997,18.9,Qauipli,Qauipli,True,0.004,0.003,0.993
2020,Shımbay,10.5,47.800000000000004,42.800000000000004,Qauipli,Qauipli,True,0.004,0.003,0.993
2020,Taxiatash,10.5,33.6,30.1,Qauipli,Qauipli,True,0.004,0.003,0.993
2020,Taxtakópir,11.200000000000001,16.7,14.8,Qauipli,Qauipli,True,0.004,0.003,0.993
2020,Tórtk¸l,10.5,80.60000000000001,72.2,Qauipli,Qauipli,True,0.004,0.004,0.993
2020,Xojayli,10.700000000000001,45.6,40.7,Qauipli,Qauipli,True,0.004,0.003,0.993
2021,Amudarya,9.942997778293757,86.11174354515629,77.54965479761138,Qauipli,Qauipli,True,0.004,0.004,0.993
2021,Beruniy,10.039788328229037,77.54147543241314,69.75647543241314,Qauipli,Qauipli,True,0.004,0.004,0.993
2021,Bózataw,10.504455130341121,9.215137653394548,8.247137653394548,Qauipli,Qauipli,True,0.004,0.004,0.992
2021,Ellikqala,10.01184007561933,65.36261017528477,58.818610175284775,Qauipli,Qauipli,True,0.004,0.004,0.993
2021,Kegeyli,10.370555903886089,28.305394027249484,25.36996731583834,Qauipli,Qauipli,True,0.004,0.004,0.993
2021,Mójnak,9.900579242023941,13.423457027230633,12.094457027230634,Qauipli,Qauipli,True,0.004,0.004,0.993
2021,Nukus qalası,9.667598778643342,145.7549110450092,131.6639110450092,Qauipli,Qauipli,True,0.004,0.004,0.993
2021,Nukus tumani,10.20744245207386,22.26806578310115,19.995065783101147,Qauipli,Qauipli,True,0.004,0.003,0.993
2021,QR jámi,10.092916961009816,781.5458231691879,702.665052224481,Qauipli,Qauipli,True,0.004,0.004,0.993
2021,Qanlikól,10.57152586411012,18.993566997773264,16.985657150086578,Qauipli,Qauipli,True,0.004,0.003,0.993
2021,Qaraózek,10.520844362841734,20.178988746361107,18.055988746361106,Qauipli,Qauipli,True,0.004,0.003,0.993
2021,Qońırat,10.576994699045878,55.360368195171105,49.50490498579558,Qauipli,Qauipli,True,0.004,0.004,0.993
2021,Shumanay,10.44495979709765,21.857432142863573,19.574432142863575,Qauipli,Qauipli,True,0.004,0.003,0.993
2021,Shımbay,10.265500340376596,47.415238855423084,42.54782734932925,Qauipli,Qauipli,True,0.004,0.003,0.993
2021,Taxiatash,10.208765161371074,32.82473391277372,29.473733912773724,Qauipli,Qauipli,True,0.004,0.003,0.993
2021,Taxtakópir,10.596357261240202,15.731821407132262,14.064821407132262,Qauipli,Qauipli,True,0.004,0.003,0.993
2021,Tórtk¸l,9.963565103026474,77.3766301808263,69.66715925823164,Qauipli,Qauipli,True,0.004,0.004,0.993
2021,Xojayli,10.334461405149561,43.82424804202417,39.29524804202417,Qauipli,Qauipli,True,0.004,0.003,0.993
2022,Amudarya,9.23163165203654,78.491,71.245,Qauipli,Qauipli,True,0.004,0.004,0.993
2022,Beruniy,9.063083882387648,81.352,73.979,Qauipli,Qauipli,True,0.004,0.004,0.992
2022,Bózataw,9.553912213740457,8.384,7.583,Qauipli,Qauipli,True,0.004,0.004,0.993
2022,Ellikqala,9.064881418702372,70.205,63.841,Qauipli,Qauipli,True,0.004,0.004,0.992
2022,Kegeyli,9.423533401152934,29.49,26.711,Qauipli,Qauipli,True,0.004,0.004,0.993
2022,Mójnak,9.10842529339639,11.418,10.378,Qauipli,Qauipli,True,0.004,0.004,0.993
2022,Nukus qalası,8.710517300445359,145.95,133.237,Ortasha,Ortasha,True,0.01,0.977,0.013
2022,Nukus tumani,8.980275063336952,22.104,20.119,Ortasha,Ortasha,True,0.013,0.971,0.016
2022,QR jámi,9.143518665759194,786.065,714.191,Qauipli,Qauipli,True,0.004,0.004,0.992
2022,Qanlikól,9.513395297977036,18.29,16.55,Qauipli,Qauipli,True,0.004,0.003,0.993
2022,Qaraózek,9.441087613293051,19.86,17.985,Qauipli,Qauipli,True,0.004,0.003,0.993
2022,Qońırat,9.639100471527023,55.14,49.825,Qauipli,Qauipli,True,0.004,0.004,0.993
2022,Shumanay,9.410379494610996,22.082,20.004,Qauipli,Qauipli,True,0.004,0.003,0.993
2022,Shımbay,9.312829778060648,48.707,44.171,Qauipli,Qauipli,True,0.004,0.004,0.993
2022,Taxiatash,9.080877967314803,33.532,30.487,Qauipli,Qauipli,True,0.004,0.004,0.993
2022,Taxtakópir,9.595959595959597,15.642,14.141,Qauipli,Qauipli,True,0.004,0.003,0.993
2022,Tórtk¸l,9.069704633062436,81.458,74.07,Qauipli,Qauipli,True,0.004,0.004,0.992
2022,Xojayli,9.315286624203821,43.96,39.865,Qauipli,Qauipli,True,0.004,0.003,0.993
2023,Amudarya,7.016210739614995,82.908,77.091,Ortasha,Ortasha,True,0.007,0.986,0.008
2023,Beruniy,6.878880825914566,80.202,74.685,Ortasha,Ortasha,True,0.007,0.985,0.008
2023,Bózataw,8.129598860669358,8.426,7.741,Ortasha,Ortasha,True,0.008,0.982,0.01
2023,Ellikqala,7.116609678929671,70.483,65.467,Ortasha,Ortasha,True,0.007,0.986,0.008
2023,Kegeyli,7.271038577636249,30.147,27.955,Ortasha,Ortasha,True,0.007,0.985,0.008
2023,Mójnak,7.2120949074074066,13.824,12.827,Ortasha,Ortasha,True,0.008,0.983,0.009
2023,Nukus qalası,6.7,137.481,128.227,Ortasha,Ortasha,True,0.008,0.984,0.009
2023,Nukus tumani,6.9866101020814,22.629,21.048,Ortasha,Ortasha,True,0.007,0.984,0.008
2023,QR jámi,7.1,791.8,735.5,Ortasha,Ortasha,True,0.007,0.985,0.008
2023,Qanlikól,7.5,18.423,17.036,Ortasha,Ortasha,True,0.007,0.984,0.009
2023,Qaraózek,7.397799875102081,20.817,19.277,Ortasha,Ortasha,True,0.007,0.984,0.008
2023,Qońırat,7.374589363402291,56.315,52.162,Ortasha,Ortasha,True,0.007,0.985,0.008
2023,Shumanay,7.965336037614088,21.694,19.966,Ortasha,Ortasha,True,0.008,0.982,0.01
2023,Shımbay,7.253439130622278,46.378,43.014,Ortasha,Ortasha,True,0.007,0.984,0.009
2023,Taxiatash,7.1,34.28,31.835,Ortasha,Ortasha,True,0.007,0.984,0.008
2023,Taxtakópir,8.086498273668907,16.509,15.174,Ortasha,Ortasha,True,0.008,0.982,0.01
2023,Tórtk¸l,7.016706443914081,85.895,79.868,Ortasha,Ortasha,True,0.007,0.985,0.008
2023,Xojayli,7.173563193051299,45.361,42.107,Ortasha,Ortasha,True,0.007,0.984,0.008
2024,Amudarya,5.787446883852692,90.4,85.2,Jaqsı,Jaqsı,True,0.983,0.011,0.007
2024,Beruniy,5.687256815384806,80.39999999999999,75.8,Jaqsı,Jaqsı,True,0.984,0.01,0.007
2024,Bózataw,5.840988998525576,8.799999999999999,8.299999999999999,Jaqsı,Jaqsı,True,0.981,0.013,0.007
2024,Ellikqala,5.756538567075372,69.19999999999999,65.19999999999999,Jaqsı,Jaqsı,True,0.982,0.011,0.007
2024,Kegeyli,5.793229285458278,30.7,28.9,Jaqsı,Jaqsı,True,0.982,0.012,0.007
2024,Mójnak,5.446773303916161,14.500000000000002,13.700000000000001,Jaqsı,Jaqsı,True,0.982,0.012,0.007
2024,Nukus qalası,5.506334593518225,138.6,131.0,Jaqsı,Jaqsı,True,0.984,0.01,0.007
2024,Nukus tumani,5.503507961181364,23.8,22.5,Jaqsı,Jaqsı,True,0.982,0.012,0.007
2024,QR jámi,5.754730561512191,805.824,759.451,Jaqsı,Jaqsı,True,0.983,0.011,0.007
2024,Qanlikól,5.848727041761499,18.9,17.799999999999997,Jaqsı,Jaqsı,True,0.981,0.012,0.007
2024,Qaraózek,5.727168073676132,20.900000000000002,19.700000000000003,Jaqsı,Jaqsı,True,0.982,0.011,0.007
2024,Qońırat,6.0679174619179665,55.5,52.1,Ortasha,Ortasha,True,0.011,0.977,0.012
2024,Shumanay,6.210145810486982,24.6,23.1,Ortasha,Ortasha,True,0.01,0.979,0.011
2024,Shımbay,5.887951546614753,46.20000000000001,43.50000000000001,Jaqsı,Jaqsı,True,0.98,0.012,0.008
2024,Taxiatash,5.8054560805892805,34.4,32.4,Jaqsı,Jaqsı,True,0.984,0.009,0.007
2024,Taxtakópir,6.148282097649186,16.6,15.600000000000001,Ortasha,Ortasha,True,0.013,0.974,0.013
2024,Tórtk¸l,5.677388194436459,87.0,82.0,Jaqsı,Jaqsı,True,0.983,0.011,0.007
2024,Xojayli,5.926089354660783,45.300000000000004,42.6,Jaqsı,Jaqsı,True,0.947,0.038,0.015
2025,Amudarya,4.949218836811343,90.0,85.5,Jaqsı,Jaqsı,True,0.986,0.008,0.007
2025,Beruniy,5.0493417064714015,82.5,78.3,Jaqsı,Jaqsı,True,0.985,0.008,0.007
2025,Bózataw,5.5389804125048645,7.7,7.3,Jaqsı,Jaqsı,True,0.986,0.007,0.007
2025,Ellikqala,4.846744337979094,73.5,69.9,Jaqsı,Jaqsı,True,0.985,0.008,0.007
2025,Kegeyli,5.4475421863536315,32.7,30.9,Jaqsı,Jaqsı,True,0.986,0.007,0.007
2025,Mójnak,4.94592546669422,14.5,13.8,Jaqsı,Jaqsı,True,0.986,0.007,0.007
2025,Nukus qalası,4.64940668824164,148.3,141.4,Jaqsı,Jaqsı,True,0.985,0.008,0.007
2025,Nukus tumani,5.04830421377184,24.3,23.1,Jaqsı,Jaqsı,True,0.986,0.007,0.007
2025,QR jámi,4.999481283775499,848.2,805.8,Jaqsı,Jaqsı,True,0.986,0.008,0.007
2025,Qanlikól,5.345763511918811,16.9,16.0,Jaqsı,Jaqsı,True,0.986,0.007,0.007
2025,Qaraózek,5.245709828393136,20.5,19.4,Jaqsı,Jaqsı,True,0.986,0.007,0.007
2025,Qońırat,4.6499628185087944,65.9,62.9,Jaqsı,Jaqsı,True,0.983,0.01,0.007
2025,Shumanay,5.346549246471867,27.2,25.7,Jaqsı,Jaqsı,True,0.986,0.007,0.007
2025,Shımbay,5.257136530548226,54.2,51.4,Jaqsı,Jaqsı,True,0.986,0.007,0.007
2025,Taxiatash,5.449910633185854,34.2,32.3,Jaqsı,Jaqsı,True,0.986,0.007,0.007
2025,Taxtakópir,5.348052393753933,17.4,16.5,Jaqsı,Jaqsı,True,0.986,0.007,0.007
2025,Tórtk¸l,4.949325986421332,91.5,87.0,Jaqsı,Jaqsı,True,0.986,0.008,0.007
2025,Xojayli,5.344096785874034,46.9,44.4,Jaqsı,Jaqsı,True,0.986,0.007,0.007
